{"accuracy": [0.4267617464065552, 0.5273489952087402, 0.604362428188324, 0.6728187799453735, 0.7101510167121887, 0.7391778230667114, 0.7895973324775696, 0.8139261603355408, 0.8177852630615234, 0.8153523206710815, 0.8240771889686584, 0.8285235166549683, 0.8426174521446228, 0.8502516746520996, 0.8529362678527832, 0.8542785048484802, 0.853775143623352, 0.85872483253479, 0.8585570454597473, 0.8612416386604309, 0.8609899282455444], "val_accuracy": [0.37656739354133606, 0.597570538520813, 0.681034505367279, 0.6242163181304932, 0.6030564308166504, 0.5881661176681519, 0.7609717845916748, 0.7934952974319458, 0.8040752410888672, 0.8044670820236206, 0.7762539386749268, 0.8009404540061951, 0.837382435798645, 0.8315047025680542, 0.8236677050590515, 0.8420846462249756, 0.8381661176681519, 0.8350313305854797, 0.8358150720596313, 0.8420846462249756, 0.8401253819465637], "loss": [2.090125799179077, 1.2681591510772705, 1.0699470043182373, 0.9066792130470276, 0.8281190395355225, 0.7487027049064636, 0.6245297193527222, 0.5718010067939758, 0.5403844118118286, 0.5440618395805359, 0.5137808918952942, 0.49947288632392883, 0.4576665461063385, 0.4509364664554596, 0.4307857155799866, 0.4281044900417328, 0.42575523257255554, 0.4189043641090393, 0.41209492087364197, 0.4068502187728882, 0.40570104122161865], "val_loss": [1.4366956949234009, 1.1132285594940186, 0.8595924377441406, 1.1124407052993774, 0.9655039310455322, 1.1717814207077026, 0.7187832593917847, 0.6008932590484619, 0.5778940320014954, 0.5809714794158936, 0.6636974215507507, 0.6197159886360168, 0.5274640917778015, 0.5151773691177368, 0.5481244325637817, 0.4733494818210602, 0.4974663257598877, 0.5002071857452393, 0.49743619561195374, 0.4864872694015503, 0.4957241415977478]}